"DESCRIPTION","DURATION IN MS","NAME","PARENT SUITE","START TIME","STATUS","STOP TIME","SUB SUITE","SUITE","TEST CLASS","TEST METHOD"
"Verifies show and hide password functionality","887","verifyShowHidePassword","Parallel UI Suite","2026-10-04","passed","2026-10-04","tests.login.LoginTest","Parallel Login Tests","tests.login.LoginTest","verifyShowHidePassword"
"Verifies Sign In button changes to Signing in and becomes disabled during authentication","792","verifySignInButtonDuringAuthentication","Parallel UI Suite","2026-10-04","passed","2026-10-04","tests.login.LoginTest","Parallel Login Tests","tests.login.LoginTest","verifySignInButtonDuringAuthentication"
"Verifies Forgot Password flow with a valid email","1874","verifyForgotPasswordWithValidEmail","Parallel UI Suite","2026-10-04","passed","2026-10-04","tests.login.LoginTest","Parallel Login Tests","tests.login.LoginTest","verifyForgotPasswordWithValidEmail"
"Verifies that password authentication is case-sensitive","2084","verifyPasswordCaseSensitivity","Parallel UI Suite","2026-10-04","passed","2026-10-04","tests.login.LoginTest","Parallel Login Tests","tests.login.LoginTest","verifyPasswordCaseSensitivity"
"Verifies Login page can be operated using keyboard navigation","2628","verifyKeyboardTabNavigation","Parallel UI Suite","2026-10-04","passed","2026-10-04","tests.login.LoginTest","Parallel Login Tests","tests.login.LoginTest","verifyKeyboardTabNavigation"
"Verifies all visible UI elements and demo credentials on the Login page","1224","verifyLoginPageUIElements","Parallel UI Suite","2026-10-04","passed","2026-10-04","tests.login.LoginTest","Parallel Login Tests","tests.login.LoginTest","verifyLoginPageUIElements"
"Verifies login succeeds when a valid email is entered in uppercase","2315","verifyLoginWithUppercaseEmail","Parallel UI Suite","2026-10-04","passed","2026-10-04","tests.login.LoginTest","Parallel Login Tests","tests.login.LoginTest","verifyLoginWithUppercaseEmail"
"Verifies login failure with invalid email and invalid password","1614","verifyLoginWithInvalidEmailAndPassword","Parallel UI Suite","2026-10-04","passed","2026-10-04","tests.login.LoginTest","Parallel Login Tests","tests.login.LoginTest","verifyLoginWithInvalidEmailAndPassword"
"Verifies authentication is not bypassed using SQL injection-like input","920","verifySQLInjectionInput","Parallel UI Suite","2026-10-04","passed","2026-10-04","tests.login.LoginTest","Parallel Login Tests","tests.login.LoginTest","verifySQLInjectionInput"
"Verifies Remember Me preserves authentication state","2439","verifyRememberMeFunctionality","Parallel UI Suite","2026-10-04","passed","2026-10-04","tests.login.LoginTest","Parallel Login Tests","tests.login.LoginTest","verifyRememberMeFunctionality"
"Verifies login failure with an invalid email and valid password","2707","verifyLoginWithInvalidEmail","Parallel UI Suite","2026-10-04","passed","2026-10-04","tests.login.LoginTest","Parallel Login Tests","tests.login.LoginTest","verifyLoginWithInvalidEmail"
"Verifies Login with valid credentials","1552","verifyValidLoginCredentials","Parallel UI Suite","2026-10-04","passed","2026-10-04","tests.login.LoginTest","Parallel Login Tests","tests.login.LoginTest","verifyValidLoginCredentials"
"Verifies validation when email field is empty","1239","verifyLoginWithEmptyEmail","Parallel UI Suite","2026-10-04","passed","2026-10-04","tests.login.LoginTest","Parallel Login Tests","tests.login.LoginTest","verifyLoginWithEmptyEmail"
"Verifies login failure with a valid email and invalid password","2166","verifyLoginWithInvalidPassword","Parallel UI Suite","2026-10-04","passed","2026-10-04","tests.login.LoginTest","Parallel Login Tests","tests.login.LoginTest","verifyLoginWithInvalidPassword"
"Verifies validation when both email and password fields are empty","1238","verifyLoginWithBothFieldsEmpty","Parallel UI Suite","2026-10-04","passed","2026-10-04","tests.login.LoginTest","Parallel Login Tests","tests.login.LoginTest","verifyLoginWithBothFieldsEmpty"
"Verifies Forgot Password validation with an empty email","1509","verifyForgotPasswordWithEmptyEmail","Parallel UI Suite","2026-10-04","passed","2026-10-04","tests.login.LoginTest","Parallel Login Tests","tests.login.LoginTest","verifyForgotPasswordWithEmptyEmail"
"Verifies email validation for an email containing invalid special characters","848","verifySpecialCharactersInEmail","Parallel UI Suite","2026-10-04","passed","2026-10-04","tests.login.LoginTest","Parallel Login Tests","tests.login.LoginTest","verifySpecialCharactersInEmail"
"Verifies that leading and trailing spaces in email are trimmed","5553","verifyLoginWithEmailSpaces","Parallel UI Suite","2026-10-04","passed","2026-10-04","tests.login.LoginTest","Parallel Login Tests","tests.login.LoginTest","verifyLoginWithEmailSpaces"
"Verifies that password characters are masked","1266","verifyPasswordMasking","Parallel UI Suite","2026-10-04","passed","2026-10-04","tests.login.LoginTest","Parallel Login Tests","tests.login.LoginTest","verifyPasswordMasking"
"Verifies Forgot Password validation with an invalid email","1859","verifyForgotPasswordWithInvalidEmail","Parallel UI Suite","2026-10-04","passed","2026-10-04","tests.login.LoginTest","Parallel Login Tests","tests.login.LoginTest","verifyForgotPasswordWithInvalidEmail"
"Verifies Forgot Password does not reveal whether an email is registered","1636","verifyForgotPasswordWithUnknownEmail","Parallel UI Suite","2026-10-04","passed","2026-10-04","tests.login.LoginTest","Parallel Login Tests","tests.login.LoginTest","verifyForgotPasswordWithUnknownEmail"
"Verifies validation when password field is empty","1082","verifyLoginWithEmptyPassword","Parallel UI Suite","2026-10-04","passed","2026-10-04","tests.login.LoginTest","Parallel Login Tests","tests.login.LoginTest","verifyLoginWithEmptyPassword"
"Verifies validation for invalid email formats","2316","verifyInvalidEmailFormats","Parallel UI Suite","2026-10-04","passed","2026-10-04","tests.login.LoginTest","Parallel Login Tests","tests.login.LoginTest","verifyInvalidEmailFormats"
